代碼,pm_name,lat,lnt,pm_location,pm_area,pm_type
0,七虎公園,25.13649941,121.5020599,育仁路108號（薇閣小學旁）,10098,公園
1,七星公園,25.13661957,121.5030212,光明路、中山路交叉口（新北投捷運站）,12056,公園
2,大豐公園,25.13194084,121.5037308,公館路13號旁,12391,公園
3,中央公園,25.12809944,121.4999237,大興街與中央南路二段6巷口,4463,公園
4,中庸公園,25.13804054,121.5012436,位於北投區中庸里雙全街50號對面,5049,公園
5,丹鳳公園,25.1264801,121.5109787,公館路255巷19弄旁,8185,公園
6,公館公園,25.12799072,121.5064316,奇岩新社區(公三),8960,公園
7,天狗庵遺址,25.13592911,121.5066681,溫泉路73巷(天狗庵舊址),769,公園
8,文化3號公園,25.13769913,121.4947128,中央北路二段68巷進入(42巷11弄旁),563,公園
9,文化公園(一),25.1365,121.4965,位於北投區文化里中央北路二段文化國小對面,2855,公園
10,文化公園(二),25.13643074,121.4968414,位於北投區文化里中央北路一段228巷,1164,公園
11,北投204號環保公園(八仙公園),25.12041,121.50308,承德路七段與公館路交會,2842,公園
12,北投258號承德4號綠地,25.1019,121.51245,承德路六段與福國路交叉口，北投士林科技園區(綠4，區段徵收),1780,公園
13,北投公園,25.13656044,121.5047302,北投區中山路、光明路所圍範圍,67344,公園
14,北投社三層崎公園,25.14574,124.491156,北投區秀山路50號旁,29835,公園
15,石牌公園,25.11635971,121.5103607,石牌路一段39巷內,23582,公園
16,立農公園,25.11878967,121.5035095,承德路七段378號,17822,公園
17,吉利公園,25.11901093,121.5083695,位於北投區立農里吉利街179號旁,5270,公園
18,同德公園,25.12507057,121.5294495,位於北投區永欣里同德街27巷19號對面,6750,公園
19,地熱谷公園,25.13755989,121.5109787,臺北市北投區中山路30-1號(中山路與溫泉路交口),12950,公園
20,行義公園,25.1253891,121.5252304,石牌路二段343巷8號,36313,公園
21,奇岩一號公園,25.12708092,121.5037537,臺北市北投區磺港路208號(奇岩新社區公一),18729,公園
22,奇岩二號公園,25.12649918,121.5036926,臺北市北投區216號(奇岩新社區公二),12442,公園
23,奇岩三號公園,25.12598038,121.5052185,奇岩新社區(公四),6154,公園
24,東華公園,25.12183952,121.5070725,東華街二段300巷19號對面,75820,公園
25,林泉公園,25.14133,121.51482,溫泉路168號旁,2027,公園
26,知行公園,25.11973,121.4666519,位於北投區關渡里知行路225巷,2759,公園
27,長安公園,25.13555908,121.5001602,育仁路109號對面(薇閣國小旁),14042,公園
28,長安公園,25.13614082,121.5018387,位於北投區長安里育仁路109號對面,4288,公園
29,前山公園,25.15057652,121.5484437,臺北市北投區建國街4號旁及紗帽路117號對面,38328,公園
30,建民公園,25.10564041,121.5203629,文林北路16巷7號對面,3230,公園
31,泉源47號公園,25.14209938,121.5124588,泉源路80號對面山腳下,11473,公園
32,泉源48號公園,25.14193916,121.5071564,北投珠海路120號附近,15553,公園
33,洲美蜆仔港公園,25.10099711,121.5111864,台北市士林區承德路六段329號,30818,公園
34,致遠公園,25.11127091,121.5150528,位於北投區榮光里致遠一路二段自強市場旁,2503,公園
35,重三公園,25.14015961,121.4892883,新興路與重三路交叉口(重三新村八期重劃)政校後勤區,4401,公園
36,振華公園,25.11516953,121.5188522,位於北投區振華里振華街24號對面,9073,公園
37,振興公園,25.11821938,121.5230408,天母西路與磺溪交叉口,10950,公園
38,桂花公園,25.13791084,121.5102234,中山路5-7號(林泉里辦公處旁),1396,公園
39,桃源公園,25.13806915,121.4827576,中央北路三段148巷,16114,公園
40,健行公園,25.1212101,121.5088272,位於北投區東華里致遠三路147巷二弄內,2367,公園
41,崇仰公園,25.12609,121.51106,崇仰一路、公館路225巷底,21686,公園
42,清江一公園,25.1239109,121.5024796,位於北投區清江里崇仁路一段154號對面,3292,公園
43,清江二公園,25.12368012,121.5018921,位於北投區清江里崇仁路1段154號旁,1161,公園
44,軟橋公園,25.103102,121.517613,台北市北投區文林北路53巷51號,4510,公園
45,復興公園,25.1396904,121.5032272,北投中和街200號,26356,公園
46,開明公園,25.14113045,121.5053177,珠海路112號附近,5574,公園
47,陽明公園,25.15901675,121.5390112,臺北市北投區湖山路二段,397288,公園
48,新興公園,25.13934,121.48703,新興路145號旁(六期重劃),2931,公園
49,溫泉綠地,25.138933,121.512342,溫泉路137號旁,3220,公園
50,聖景一公園,25.12045,121.46351,聖景路100號內,247,公園
51,聖景二公園,25.12038,121.46381,聖景路101號旁,184,公園
52,聖景三公園,25.12046,121.46382,聖景路100號內,329,公園
53,榮光公園,25.11472,121.51429,位於北投區榮光里石牌路1段石牌國中對面,3293,公園
54,榮富公園,25.1142292,121.5247269,榮華三路及磺溪旁(過天母橋),9135,公園
55,榮華A公園,25.11054993,121.5219879,明德路150巷3弄,15199,公園
56,榮華B公園,25.111727,121.524858,榮華一路5巷前,15199,公園
57,稻中公園,25.13862991,121.4892807,中央北路二段334號旁(政校後勤區),1592,公園
58,稻香公園,25.14094925,121.4885788,位於北投區稻香里新興路72號對面,839,公園
59,學園公園,25.1282692,121.4663467,學園路、藝術大學門口旁,14198,公園
60,磺港公園,25.13067055,121.5040665,磺港路大興街交口,8657,公園
61,豐年公園,25.13600922,121.4966583,位於北投區豐年里中央北路大業路口,1565,公園
62,關渡公園,25.11973,121.46369,知行路210巷底,23351,公園
63,觀海公園,25.12358093,121.4634476,中央北路4段601巷附近,8824,公園
64,嗄嘮別公園,25.14035034,121.4844208,中央北路三段、桃源國小東北側,21888,公園
65,大業綠地(北投163號),25.13624001,121.4905396,大業路西側大度路口起延伸至大業路517巷旁田埂路,13517,綠地
66,中和綠地,25.14188004,121.4988022,中和街363號附近,315,綠地
67,天溪綠地,25.13519,121.5301,行義路58巷33號附近,51407,綠地
68,文化綠地,25.137449,121.498406,大業路、永興路一段交叉口,1257,綠地
69,北投106號綠地,25.11108208,121.5209045,建明路165之1及明德路旁(石牌綠地系統),3502,綠地
70,北投120號綠地,25.120132,121.501115,承德路七段400號前(公館路至磺港溪間),1752,綠地
71,北投121號綠地,25.11664009,121.5049896,承德路七段214號前東側,2774,綠地
72,北投122號綠地,25.11306953,121.5089264,承德路七段168號旁前東側,1677,綠地
73,北投123號綠地,25.117135,121.503849,承德路七段前西側(尊賢街267巷口對面起迄立農公園對面),4890,綠地
74,北投124號綠地,25.114865,121.506329,承德路六段到承德路七段(福國路口起迄立賢西路口間)前西側,23261,綠地
75,北投135號綠地,25.11183929,121.5103073,承德路七段上(32巷至石牌路一段間),1306,綠地
76,北投138號綠地,25.11441994,121.502739,承德路七段右側，立賢路南側,9155,綠地
77,北投139號綠地,25.11502075,121.5031281,承德路七段右側，立賢路北側,9489,綠地
78,北投160號綠地,25.135316,121.496586,大業路二段533-545號前,441,綠地
79,北投164號綠地,25.13344955,121.4959793,大業路東側，十信工高旁,2565,綠地
80,北投165號綠地,25.13175964,121.4962387,大業路452巷,1362,綠地
81,北投166號綠地,25.13051033,121.496872,大業路東側,1283,綠地
82,北投167號綠地,25.128405,121.497707,大業路400號東側,2208,綠地
83,北投168號綠地,25.12437058,121.4991913,大業路50號東側,4510,綠地
84,北投169號綠地,25.12072,121.499533,大度路一段，承德路口南側,2809,綠地
85,北投181號一德綠地,25.12393951,121.4647675,大度路三段，中央北路四段(萬善宮旁),414,綠地
86,北投182號綠地,25.12339973,121.4677277,大度路三段274號北側,5857,綠地
87,北投183號綠地,25.12301064,121.4718628,大度路三段北側,1851,綠地
88,北投185號綠地,25.123425,121.464987,大度路三段南側(關渡派出所後),2600,綠地
89,北投186號綠地,25.12302971,121.4665299,大度路三段南側，知行路314號旁,482,綠地
90,北投187號綠地,25.12290955,121.4682922,大度路三段南側,2077,綠地
91,北投188號綠地,25.12274933,121.4705582,大度路三段南側,3632,綠地
92,北投191號綠地,25.12248993,121.4808426,大度路二段北側,12448,綠地
93,北投192號綠地,25.12208939,121.4809113,大度路二段南側,13087,綠地
94,北投203號綠地,25.12065,121.5031,公館路423巷11-17號前(區段徵收),808,綠地
95,北投257號承德3號綠地,25.10442,121.512199,承德路六段上，北投士林科技園區(綠3，區段徵收),1311,綠地
96,北投39號綠地,25.121984,121.462777,聖景路140~150號前,729,綠地
97,北投62號綠地,25.129382,121.503215,磺港路上(清江路177巷口至清江路113巷口),3116,綠地
98,北投63號綠地,25.12759018,121.5033417,磺港路上(三合橋旁至清江路177巷口),3198,綠地
99,北投64號綠地,25.126383,121.503285,磺港路上(崇仁路一段131巷口至三合橋旁),4758,綠地
100,北投65號綠地,25.1246891,121.5030518,磺港路上(崇仁路一段155巷口至131巷口),2659,綠地
101,北投66號綠地,25.12373924,121.5029602,磺港路上(崇仁路一段155巷口兩側),520,綠地
102,北投69號綠地,25.12602043,121.5120392,崇仰一路11號旁,383,綠地
103,北投88號綠地,25.1176296,121.5144446,立農街202巷9弄及義理街63巷旁(石牌綠帶系統),386,綠地
104,北投90號綠地,25.11861992,121.5203323,石牌路二段臺北護理大學圍牆外(榮總對面),1302,綠地
105,北投91號綠地,25.11903,121.521637,石牌路二段上振興街口與天母西路口間(榮總急診入口處對面),256,綠地
106,北投92號綠地,25.11926079,121.5222778,石牌路二段與天母西路、天母西路130巷間,255,綠地
107,北投98號綠地,25.11565971,121.5155029,石牌路二段上(東華街二段起至裕民三路口),911,綠地
108,永和綠地,25.12791061,121.5279312,行義路98號附近,435,綠地
109,永欣綠地,25.12384,121.52695,石牌路二段371巷3號,4676,綠地
110,田心仔綠地,25.13513947,121.4949265,中央北路二段257巷東側，大業路525巷6弄旁,6150,綠地
111,安明綠地,25.135616,121.502133,光明路157巷2弄1號(七虎公園旁),3776,綠地
112,奇岩4號綠地,25.12603951,121.5055466,三合路一段，清江國小旁。,9973,綠地
113,忠義公園,25.1350193,121.4779205,台北市北投區中央北路四段32號旁,2515,綠地
114,承仙綠地,25.11968041,121.5026321,承德路7段.公館路交會東北側,288,綠地
115,明德綠地,25.10725975,121.5209808,東華街一段10號附近,665,綠地
116,林投坑(一)綠地,25.13674927,121.4893723,中央北路二段257號後(貴子坑溪至北投捷運機場北側),1760,綠地
117,林投坑(二)綠地,25.13651085,121.4890976,中央北路二段257號後(貴子坑溪至北投捷運機場南側),1775,綠地
118,湖山綠地,25.1517873,121.5438304,台北市北投區湖山路一段,7833,綠地
119,番仔厝綠地,25.13413048,121.495903,大業路525巷及517巷之間,2680,綠地
120,磅空頂綠地,25.12298012,121.4650726,大度路三段301巷28弄底，馬偕護校東側(原北投第二號公墓),9384,綠地
121,櫻花崗公園,25.12349,121.52616,石牌路二段與天母北路交叉口,4734,綠地
122,北投3號廣場,25.13195992,121.4978409,北投路二段，捷運北投站前廣場(捷運局82年代辦重建),11040,廣場
123,北投6號廣場,25.13697052,121.5037308,大業路、光明路口，捷運新北投站前廣場(捷運局闢建),633,廣場
124,41號公園,25.10709,121.5644,中社路雙溪國小對面,4048,公園
125,士林官邸公園,25.09490013,121.5301514,中山北路5段378巷以北/福林路.中山北路交叉口右側(士林官邸),129965,公園
126,天母公園,25.1259089,121.530518,臺北市士林區中山北路7段141巷旁,57815,公園
127,天和一號公園,25.11844,121.53471,天母東路69巷口,1858,公園
128,天和公園,25.11981964,121.533989,臺北市士林區天母東路69巷前,14936,公園
129,天壽公園,25.1140282,121.5256861,中山北路六段405巷右側,6558,公園
130,天壽公園,25.1140282,121.5256861,中山北路六段405巷右側,6558,公園
131,天福二號綠地,25.11709023,121.5316086,天母東路8巷25-1號對面,727,公園
132,外雙溪公園,25.10127068,121.5523911,至善路2段284巷19號,2240,公園
133,仰德一號公園,25.10007095,121.5377808,仰德大道1段2-1號,2611,公園
134,仰德二號公園,25.09999085,121.5382767,仰德大道1段2-2號,2540,公園
135,名山公園,25.10154915,121.5323715,至誠路一段215號旁(雨農橋附近),5690,公園
136,至善公園,25.09819031,121.5382919,臺北市士林區福林路、至善路口東北側,24786,公園
137,至誠公園,25.10108948,121.5366821,至誠路1段24號對面,3326,公園
138,至德園公園,25.09840012,121.546402,至善路2段113巷,8723,公園
139,住六(公一)公園,25.13691396,121.5594925,臺北市陽明山住六(公一)重劃區  臺北市士林區富館街附近,4227,公園
140,住六(公二)公園,25.13760535,121.5576499,陽明山6-6重劃區(臺北市士林區草東街附近),5786,公園
141,克強公園,25.10798596,121.521967,臺北市士林區磺溪街55巷,16505,公園
142,志成公園,25.09669,121.53086,臺北市士林區中正路與志成街交叉口,14806,公園
143,忠誠公園,25.10342026,121.5257416,臺北市士林區中山北路六段與忠誠路一段交叉口,10149,公園
144,承德公園,25.08966065,121.5219803,大南路138號對面,8240,公園
145,明勝公園,25.079968,121.519187,承德路4段6巷56號旁,221,公園
146,東和公園,25.1226002,121.5336861,臺北市士林區中山北路7段114巷旁,31800,公園
147,社子公園,25.09037018,121.5060272,臺北市士林區永平街20巷11弄3號對面,10713,公園
148,社正公園,25.08749962,121.5104218,中正路與重慶北路四段交叉處,3860,公園
149,芝山公園,25.10236931,121.5317764,至誠路一段、雨聲街交叉口,100063,公園
150,花卉試驗中心,25.13501543,121.5444106,臺北市士林區仰德大道4段175巷32號,40666,公園
151,前港公園,25.0860629,121.5201556,臺北市士林區前港街與華齡街交叉口,36129,公園
152,後港公園,25.093237,121.514454,承德路五段78號旁（度量衡檢定所旁）,3460,公園
153,美崙公園,25.09737968,121.5172195,臺北市士林區美崙街152巷,60288,公園
154,原住民文化主題公園,25.10157013,121.5507507,臺北市士林區至善路2段221號旁,22899,公園
155,海光公園,25.08185005,121.5078812,臺北市士林區環河北路三段與葫蘆街交口,10084,公園
156,基河公園,25.08003998,121.5240173,基河路14號對面,4240,公園
157,華聲公園,25.09597969,121.5224915,華聲街20號對面,3754,公園
158,華齡公園,25.08404923,121.5231628,承德路，後港街間,1200,公園
159,新佳公園,25.09863091,121.5194931,文昌路179巷12號對面,762,公園
160,福中公園,25.08791924,121.518837,福港街107巷百齡國小附近,3852,公園
161,福志公園,25.09905052,121.5340576,臺北市士林區忠勇街40巷20弄底,12403,公園
162,福林公園,25.0958004,121.5294724,中山北路與福林路交叉口,26316,公園
163,福華公園,25.0821799,121.5189218,通河街325巷北側,275,公園
164,福順公園,25.08234978,121.5111313,延平北路5段136巷內,1827,公園
165,翠山公園,25.10845,121.56995,中央社區翠山街與中社路二段口,12171,公園
166,德仁公園,25.10265923,121.5214615,文林路714巷內,348,公園
167,德行公園,25.10511017,121.5236511,德行西路30號仰德活動中心旁,7399,公園
168,衛理兒童遊樂場,25.10232925,121.5533066,衛理女中宿舍邊(原為衛理公園),908,公園
169,磺溪公園,25.10487938,121.5206299,德行西路93巷底,4050,公園
170,雙溪公園,25.09803963,121.5359192,福林路至善路口東南側,62486,公園
171,蘭雅一號公園,25.1099324,121.5291121,臺北市士林區忠誠路2段24號旁,11110,公園
172,蘭雅公園,25.109744,121.529919,臺北市士林區忠誠路2段32巷旁,7080,公園
173,蘭興公園,25.11034012,121.5231705,臺北市士林區克強路10巷底,13032,公園
174,209號綠地,25.09259987,121.5280685,中山北路五段東側5米綠帶(原203號公園區段徵收),836,綠地
175,士林116號綠地,25.09646034,121.5136032,承德路五段,1311,綠地
176,士林117號綠地,25.09703064,121.5139008,承德路五段,1237,綠地
177,士林118號綠地,25.0931797,121.5194626,基隆河廢河道，中正路北側,1150,綠地
178,士林120號綠地,25.09305954,121.5204468,基隆河廢河道，中正路南側,2982,綠地
179,士林121號綠地,25.0922699,121.5158081,承德路五段,2048,綠地
180,士林128號綠地,25.08466911,121.5223465,前港街10號前,865,綠地
181,士林130號綠地,25.08959961,121.5025864,延平北路六段271-1號,2876,綠地
182,士林131號綠地,25.0907898,121.5055924,"永平街46巷1弄,3弄間",805,綠地
183,士林132號綠地,25.0906601,121.5068207,延平北路六段110巷,2431,綠地
184,士林136號綠地,25.08691025,121.51091,百齡橋西側引道三角綠地,1369,綠地
185,士林139號綠地,25.08486939,121.509407,延平北路五段257巷41號前,1474,綠地
186,士林151號綠地,25.09576035,121.548439,自強隧道綠地,2313,綠地
187,士林156號綠地,25.103392,121.554827,至善國中邊,4533,綠地
188,士林179號綠地,25.10433006,121.5294266,芝山公園石頭公廟綠地,382,綠地
189,士林197號綠地,25.136188,121.558964,永公路245巷34弄,4082,綠地
190,士林198號綠地,25.141013,121.55392,中庸一路205巷底,3552,綠地
191,士林199號綠地,25.1405201,121.5584564,永公路245巷34弄西側,8138,綠地
192,士林200號綠地,25.13698006,121.5616684,永公路245巷34弄東側,261,綠地
193,士林201號綠地,25.13364029,121.560669,永公路245巷34弄西側(往閻錫山墓園小路兩旁),2737,綠地
194,士林206綠地(番仔田綠地),25.09795952,121.548027,故宮路15巷底,1251,綠地
195,士林207綠地(番仔田小綠地),25.0967598,121.5483933,故宮路41巷底,509,綠地
196,士林208號綠地,25.09733009,121.5337677,"福林路,泰北中學旁",800,綠地
197,士林4號綠地,25.13688088,121.5462723,凱旋路與格致路交叉口,248,綠地
198,士林68號綠地,25.0990696,121.5364304,福林路、至善路交叉口綠地,540,綠地
199,士林73號天美綠地,25.1215992,121.5259705,天母西路95巷,6895,綠地
200,士林75號綠地,25.123203,121.529441,天玉街圓環,222,綠地
201,士林76號綠地,25.124725,121.532776,天母派出所前圓環 (中山北路6段底),355,綠地
202,士林79號綠地,25.11557961,121.5267792,中山北路六段405巷21號前.,536,綠地
203,士林80天壽二號,25.11326027,121.5264206,中山北路六段左側，士東國小對面,1681,綠地
204,士林89號綠地,25.10577011,121.5289307,德行東路104巷口,440,綠地
205,天福綠地,25.11675072,121.532547,天母東路22巷23號對面,1580,綠地
206,永倫綠地,25.09152031,121.5005264,倫等街,2912,綠地
207,至臨綠地,25.10429001,121.555603,外雙溪至善路二段290號,4782,綠地
208,東吳綠地,25.09658051,121.5427475,臨溪路旁,4158,綠地
209,添壽一號綠地,25.11673927,121.5269013,天母西路32巷底,288,綠地
210,聖山綠地,25.1068306,121.5323486,忠義街，德行東路190巷交叉口,344,綠地
211,福文公園,25.09065056,121.5272293,中山北路五段441號,1063,綠地
212,福德綠地,25.07950974,121.512291,重慶北路四段1巷，高速公路交流道旁,368,綠地
213,蘭興1號綠地(士林173號,25.1128006,121.5261993,中山北路六段士東路口,4263,綠地
214,士林3號廣場,25.10453033,121.5246124,忠誠路中山北路六段交叉口西側,2590,廣場
215,士林4號廣場,25.09605026,121.5319901,福林路與雨農路交叉口,3400,廣場
216,天母廣場,25.11874962,121.5300827,中山北路與天母東.西路交接處,3741,廣場
217,天生廣場,25.12619019,121.53125,中山北路七段219巷旁,839,廣場
218,一江公園,25.05327988,121.5312576,一江街31號對面,2330,公園
219,八二三砲戰紀念公園,25.07679939,121.5267716,圓山飯店東側,14700,公園
220,力行三號公園,25.08543015,121.5366898,"通北街146巷,力行新村附近",6321,公園
221,下埤公園,25.06701088,121.5422821,民族東路512巷內,2055,公園
222,下塔悠公園,25.07692909,121.5595627,樂群一路旁，基隆河截彎取直範圍內(平均地權基金),24268,公園
223,上塔悠公園,25.07751083,121.552002,樂群一路旁，基隆河截彎取直範圍內(平均地權基金),13187,公園
224,大佳社區公園,25.07275009,121.5376587,濱江街154巷對面（高速公路旁）,1001,公園
225,大直公園,25.08271027,121.5472794,北安路621巷30號邊,797,公園
226,中427公園,25.0803299,121.5559921,敬業三路與樂群二路交會口,3395,公園
227,中428公園,25.078447,121.553485,樂群二路30巷內,1216,公園
228,中429公園,25.078469,121.555858,樂群二路116巷旁,2038,公園
229,中430公園,25.07829094,121.5620804,基湖路120巷30弄1至7號對面,2702,公園
230,中431公園,25.07740021,121.5652084,基湖路151巷46弄對面,2830,公園
231,中山21號廣場,25.0807991,121.556282,"樂群二路旁,基隆河截彎取直範圍內",2584,公園
232,中吉公園,25.05636025,121.5318375,松江路170巷內,2970,公園
233,中安公園,25.05648994,121.5239868,中山北路2段65巷2弄內,2000,公園
234,中原公園,25.05581093,121.5285873,吉林路144巷與中原街交口處,2273,公園
235,仁德公園,25.0531807,121.5290833,吉林路108巷吉林國小附近,1881,公園
236,四平公園,25.05323029,121.5345078,松江路123巷內,2845,公園
237,正守公園,25.048051,121.528745,長安東路一段56巷,824,公園
238,民享公園,25.0592308,121.5211105,民生西路45巷9弄內,1610,公園
239,永安公園,25.07912064,121.5452118,北安路518巷14弄內,1165,公園
240,永直公園,25.08147049,121.5505295,北安路608巷14弄1號,3358,公園
241,永盛公園,25.05903053,121.5248032,"中山北路2段93巷26,40號間",4125,公園
242,永靜公園,25.06155968,121.5217819,中山北路二段128巷內,1850,公園
243,伊通公園,25.05015945,121.5347672,松江路85巷內,4715,公園
244,吉林公園,25.05082512,121.5289307,吉林路14巷內,1579,公園
245,合江公園,25.05866051,121.5394821,合江街73巷口,333,公園
246,朱昌公園,25.05545998,121.5388184,合江街58巷口,2637,公園
247,朱厝崙公園,25.0475502,121.5410614,龍江路21巷內,1557,公園
248,朱崙公園,25.04933929,121.541687,龍江路45巷內,2423,公園
249,江寧公園,25.06122971,121.5394135,龍江路286巷,1230,公園
250,自強公園,25.086019,121.548603,大直街124巷內,6892,公園
251,明水公園,25.07881928,121.5480576,北安路538巷1弄1號前,10002,公園
252,林森公園,25.05233955,121.5258713,南京東路一段、林森北路右側,29331,公園
253,松江公園,25.05036926,121.5324631,松江路90巷,1804,公園
254,松錦1號公園,25.060117,121.532404,民生東路二段127巷,906,公園
255,松錦2號公園,25.059608,121.532089,民生東路二段115巷25弄,1390,公園
256,直安公園,25.08119965,121.5478516,北安路573巷內,550,公園
257,花博公園美術園區,25.07060051,121.5239563,中山北路以東，民族東路以北 (原民族公園),103220,公園
258,花博公園圓山園區,25.07156944,121.5206223,捷運圓山站以東、兒育中心以南、爭豔館以北、中山北路以西,159410,公園
259,花博公園新生園區,25.06856918,121.5305023,新生北路三段105號.民族東路松江路間,195000,公園
260,金泰公園,25.076495,121.565167,樂群一路旁，基隆河截彎取直範圍內(平均地權基金),14117,公園
261,建興公園,25.04714966,121.5381775,八德路二段167巷內,804,公園
262,培英公園,25.08226967,121.5449829,北安路501巷實踐大學前,8622,公園
263,康樂公園,25.05340958,121.5251465,南京東路一段、林森北路左側,13385,公園
264,復華公園,25.0531292,121.5396805,龍江路114巷內,2176,公園
265,晴光公園,25.06389999,121.5245667,"雙城街7,13及10巷口",2740,公園
266,華山公園,25.047745,121.525861,市民大道二段上,14565,公園
267,進安公園,25.04586983,121.537468,八德路二段146巷內,2163,公園
268,集英公園,25.065402,121.521344,中山北路三段36巷14弄,1890,公園
269,圓山自然景觀公園,25.075055,121.52233,台北市中山區玉門街33號,98000,公園
270,敬業公園,25.085728,121.556045,北安路821巷4弄,2153,公園
271,新喜公園,25.06542969,121.5321884,吉林路393巷內,2903,公園
272,新祿公園,25.06715965,121.5296478,新生北路3段87巷內,1312,公園
273,新壽公園,25.06331062,121.5299225,吉林路301號對面,1215,公園
274,新興公園,25.06151962,121.5246506,中山北路二段137巷內,1630,公園
275,農安公園,25.06528091,121.5352631,農安街227巷3弄底,1333,公園
276,榮星花園公園,25.06265068,121.5404968,榮星花園舊址，民權東路建國北路,65192,公園
277,聚葉公園,25.060496,121.527236,新生北路二段與錦州街交口(錦州橋下),649,公園
278,劍潭公園,25.080108,121.524598,圓山飯店西側，中山北路四段,6935,公園
279,德惠公園,25.06748962,121.5315628,吉林路461巷內,1360,公園
280,撫順公園,25.064579,121.52199,中山北路三段大同公司前,2007,公園
281,興安公園,25.05567932,121.5417786,遼寧街170巷,3903,公園
282,興亞公園,25.04738045,121.531601,長安東路二段36巷內,875,公園
283,興國公園,25.0531,121.541941,遼寧街116巷旁,1054,公園
284,遼寧公園,25.05360031,121.5423126,遼寧街185巷口,2065,公園
285,錦北公園,25.06048966,121.5358276,錦州街275號旁,1359,公園
286,錦州公園,25.06061935,121.5293198,錦州街138號對面,2690,公園
287,龍江公園,25.05982018,121.54216,龍江路271巷,2200,公園
288,雙城公園,25.06731033,121.5240173,"雙城街40,46及37,43巷口",3200,公園
289,力行1號綠地,25.08410072,121.5388718,通北街65巷，大直圓山二村，力行新村附近,698,綠地
290,力行2號綠地,25.08334923,121.5379334,大直圓山二村，通北街118巷內,754,綠地
291,中山129號綠地,25.05372047,121.5396729,中山區復華里龍江路118號,39,綠地
292,中山161號綠地,25.07806969,121.5331574,北安路忠烈祠圓環,133,綠地
293,中山240號綠地,25.08696938,121.5495987,北安路自強隧道口右側,10570,綠地
294,中山381號綠地,25.07959938,121.5472031,北安路538巷口,415,綠地
295,中山411號綠地,25.0832901,121.5564499,"敬業三路旁,基隆河截彎取直範圍內",1257,綠地
296,中山412號綠地,25.08230019,121.5564575,"敬業三路旁,基隆河截彎取直範圍內",2012,綠地
297,中山413號綠地,25.08332062,121.5561981,"敬業三路旁,基隆河截彎取直範圍內",1257,綠地
298,中山414號綠地,25.08126068,121.5561676,"敬業三路旁,基隆河截彎取直範圍內",2015,綠地
299,中山415號綠地,25.08012009,121.5526276,"樂群二路旁,基隆河截彎取直範圍內",888,綠地
300,中山416號綠地,25.0800705,121.553772,"樂群二路旁,基隆河截彎取直範圍內",1027,綠地
301,中山417號綠地,25.0800705,121.5552597,"樂群二路旁,基隆河截彎取直範圍內",1348,綠地
302,中山418號綠地,25.08005905,121.5573731,"樂群二路旁,基隆河截彎取直範圍內",1013,綠地
303,中山419號綠地,25.08003998,121.5593414,"樂群二路旁,基隆河截彎取直範圍內",1571,綠地
304,中山420號綠地,25.08004952,121.560997,"樂群二路旁,基隆河截彎取直範圍內",1483,綠地
305,中山421號綠地,25.08037949,121.5621719,"樂群二路旁,基隆河截彎取直範圍內",612,綠地
306,中山422號綠地,25.07986069,121.552742,"樂群二路旁,基隆河截彎取直範圍內",867,綠地
307,中山423號綠地,25.07983971,121.5538025,"樂群二路旁,基隆河截彎取直範圍內",1052,綠地
308,中山424號綠地,25.07983971,121.5549164,"樂群二路旁,基隆河截彎取直範圍內",872,綠地
309,中山425號綠地,25.07983971,121.5558167,"樂群二路旁,基隆河截彎取直範圍內",806,綠地
310,中山426號綠地,25.08011055,121.5622177,"樂群二路旁,基隆河截彎取直範圍內",784,綠地
311,長春綠地,25.05290031,121.5380096,中山區復華里南京東路3段89巷27弄,474,綠地
312,中山4號廣場,25.0526104,121.5205231,中山區康樂里中山北路2段41號,1622,廣場
313,九華公園,25.08859062,121.5613785,內湖路一段91巷39弄35-1號,2069,公園
314,下灣公園,25.06681061,121.5906982,內湖成功路二段189號旁      ,14586,公園
315,上灣公園,25.06546021,121.5958405,民權東路六段210巷43號旁,15883,公園
316,大坑公園,25.069037,121.598706,民權東路六段191巷50號對面,437,公園
317,大港墘公園,25.0774149,121.5729968,台北市內湖區港墘里瑞光路393號,25504,公園
318,大湖公園,25.082976,121.602695,成功路五段31號,134135,公園
319,山腳公園,25.08408928,121.5799027,環山路三段18號對面,5801,公園
320,五分公園,25.0671196,121.6147919,安康路448號對面,1432,公園
321,內湖125公園,25.06469917,121.6112595,南湖大橋東側與中山高速公路南側,7375,公園
322,文心公園,25.06545067,121.5841827,新湖二路及新湖三路交接處,4559,公園
323,文湖公園,25.087427,121.560993,內湖路1段91巷35弄40號對面,886,公園
324,文德3號公園,25.07509041,121.5771179,內湖文德路50號至江南街71巷16弄,16245,公園
325,文德二號公園,25.07785988,121.5837402,文德路208巷旁,6194,公園
326,仙樹公園,25.08560944,121.5690002,環山路1段59巷14弄2號對面,8719,公園
327,北勢湖公園,25.08374977,121.5616837,內湖路一段66號旁(環保公園),5474,公園
328,安泰公園,25.07408905,121.6186371,安泰街33巷底,1336,公園
329,安康公園(下),25.06720924,121.6106186,康寧路三段220號南湖高中旁,4848,公園
330,安康公園(上),25.06712914,121.612381,康寧路三段245巷42號前,5675,公園
331,安湖三號公園,25.07041931,121.6156921,東湖路113巷49弄5號前,1399,公園
332,安湖公園,25.07402039,121.6154175,東湖路113巷141號前,466,公園
333,成功公園,25.08429909,121.5966263,成功路四段223巷旁,45954,公園
334,行善公園,25.0532608,121.5755768,南京東路六段32號旁,3260,公園
335,西安公園,25.08745003,121.567482,環山路一段136巷10弄10號對面,3494,公園
336,西安廣場,25.08675957,121.5608521,臺北市內湖區文湖街21巷20號對面,"1, 080",公園
337,西康二號公園,25.08498001,121.5639267,內湖路1段203巷25號,4294,公園
338,西康公園,25.08312035,121.5643921,內湖路一段217巷旁,3277,公園
339,西湖公園,25.08361054,121.5703888,內湖路一段387巷3弄5-11號旁,7184,公園
340,扶輪親恩公園,25.06670952,121.5797501,民權東路六段30號旁,4610,公園
341,明美公園,25.06221962,121.5861969,南京東路六段北側（羊稠小段五期重劃區）,40250,公園
342,東湖一號公園,25.07559967,121.6121368,康寧路三段189巷163弄17號前,3698,公園
343,東湖二號公園,25.07389069,121.6109238,康寧路三段99巷39弄27號前,3050,公園
344,東湖四號公園,25.07044983,121.6180801,康樂街110巷16弄20號(康樂派出所前),2227,公園
345,金瑞公園,25.08795929,121.5879517,金龍路213巷1弄28號前,2756,公園
346,金龍公園,25.08543218,121.590799,金龍路112巷旁(碧湖國小旁),458,公園
347,長青公園,25.0809803,121.5817413,內湖路二段103巷34號旁,5168,公園
348,南湖一號公園,25.06913948,121.6110916,康寧路三段180巷22號對面(環保公園),598,公園
349,洲子1號公園,25.07957077,121.5643387,臺北市內湖堤頂大道、基湖路交叉口（環保公園、六期重劃）,9600,公園
350,洲子二號公園,25.07959938,121.5686264,瑞光路498號對面 (環保公園),5123,公園
351,美善公園,25.05699921,121.5785828,行善路59巷20弄2號旁,2481,公園
352,畚箕湖公園,25.089436,121.560064,文湖街21巷84至90號對面,3654,公園
353,康湖二號公園,25.074042,121.6088,成功路五段450巷23弄23號旁,2469,公園
354,康湖公園,25.07468033,121.6087265,成功路五段420巷30號旁,4089,公園
355,康寧公園,25.0689106,121.6095886,民權東路六段296巷121號對面,6017,公園
356,清白公園,25.08169937,121.5952835,成功路四段167巷16號對面（康寧國小旁）,14546,公園
357,港都公園,25.0827198,121.5752335,港華街40號旁(麗山國中後),1779,公園
358,港華一號公園,25.087734,121.573586,環山路二段50巷2號旁,1327,公園
359,港華二號公園,25.08778954,121.5738373,環山路二段50巷11號旁,173,公園
360,港華三號公園,25.0866909,121.575058,環山路二段68巷14號麗山活動中心旁,927,公園
361,港華六號公園,25.08426094,121.5746231,港華街85巷21號前,803,公園
362,港華四號公園,25.08653069,121.5752792,環山路二段68巷14號對面,789,公園
363,港墘公園,25.080978,121.576437,內湖路一段667巷9號之1,2271,公園
364,游美公園,25.06459999,121.5971985,民權東路六段206巷143弄底,1380,公園
365,湖山9號公園,25.08522034,121.6035004,大湖山莊街42-56號間,10691,公園
366,湖山八號公園,25.08391953,121.6032715,大湖山莊街25號旁,324,公園
367,湖山三號公園,25.08716011,121.6044693,大湖山莊街65巷北側,6527,公園
368,湖山五號公園,25.08157921,121.6008377,大湖街158巷39號旁,2568,公園
369,湖山六號公園,25.08309937,121.6018601,大湖街166巷24號對面(大湖派出所後方),8638,公園
370,湖山四號公園,25.08270073,121.6007538,大湖街160巷18弄2號對面,525,公園
371,湖元公園,25.06822968,121.5870209,民權東路六段120巷3弄1號對面,1203,公園
372,湖畔公園,25.088247,121.601473,大湖山莊街177巷1號對面,5077,公園
373,湖聖公園,25.06977081,121.5917664,民權東路六段123巷20弄23號前,828,公園
374,湖興公園,25.06693077,121.589592,成功路二段312巷62號對面,5717,公園
375,湖寶公園,25.0666008,121.5995636,民權東路六段228號西側,612,公園
376,週美綠地,25.0564003,121.5819016,臺北市內湖區新明路298巷以西至基隆河堤防,9245,公園
377,陽光公園,25.076736,121.586719,陽光街68巷口北側,2804,公園
378,新明公園,25.05413055,121.5788117,新明路428巷13號對面,1740,公園
379,煙波庭公園,25.08633995,121.5992508,大湖街131巷18弄61號對面,3729,公園
380,瑞光公園,25.07118034,121.5776825,瑞光路132巷旁內（六期重劃區）,33806,公園
381,瑞湖公園,25.06930924,121.576889,民權東路六段19巷底,5574,公園
382,瑞陽公園,25.077689,121.579223,文德路22巷10號對面,2671,公園
383,碧山公園,25.08708,121.5919571,內湖路三段60巷10號前,2603,公園
384,碧湖公園,25.08218956,121.5842896,內湖路二段175號，國立臺灣戲曲學院旁,131749,公園
385,福壽公園,25.07980919,121.5965576,星雲街150巷18號旁,1970,公園
386,翠湖公園,25.08626,121.602107,大湖山莊街117號至147號後面,1150,公園
387,樂活公園,25.068244,121.618814,康樂街61巷15弄旁,9509,公園
388,樂康公園,25.07007027,121.620697,康樂街61巷73弄24號對面,796,公園
389,環東公園,25.04372978,121.5429306,南京東路六段北側與堤頂大道交叉口,4410,公園
390,麗湖公園,25.073539,121.599282,金湖路363巷67弄63號對面,1152,公園
391,寶湖公園,25.067328,121.598514,民權隧道西側(民權東路六段),804,公園
392,內湖110號綠地,25.07122994,121.5800705,臺北市內湖區瑞光路112巷及76巷旁(六期重劃),1318,綠地
393,內湖117號綠地,25.08326912,121.6018524,臺北市內湖區大湖山莊街與成功路5段交叉口、大湖設區國宅,2214,綠地
394,內湖119號安興綠地,25.0576992,121.5836716,位於南京東路6段北側，安興街南側,7081,綠地
395,文德1號綠地,25.07859039,121.5842133,臺北市內湖區文德路1號-91號間,8194,綠地
396,石潭公園綠地,25.06311989,121.5932083,內湖成功路二段東側（麥帥公路兩側）,55660,綠地
397,康樂綠地,25.07490921,121.6206131,臺北市內湖區康樂街191巷旁,"15,445(已開闢3,613)",綠地
398,港華5號綠地,25.08544922,121.5742874,臺北市內湖區環山路2段62號對面,418,綠地
399,湖興綠地,25.06893921,121.5908966,臺北市內湖區成功路2段312巷27號旁,390,綠地
400,紫陽綠地,25.07641029,121.5867996,臺北市內湖區陽光街55號、內湖高中後面,12125,綠地
401,潭美綠地,25.05701065,121.5816803,新明路298巷16弄起至成功路2段潭美國小旁,12844,綠地
402,麗湖綠地,25.073374,121.600509,金湖路363巷51弄口,1776,綠地
403,治磐廣場,25.08272934,121.5663071,臺北市內湖區內湖路1段285巷8弄2號旁,288,廣場
404,港富廣場,25.08029938,121.5781174,臺北市內湖區內湖路1段715巷旁,3054,廣場
405,灣仔廣場,25.06893921,121.5908966,臺北市內湖區成功路2段324巷4號旁,1067,廣場
406,大同公園,25.06797981,121.512001,延平北路三段99巷,2141,公園
407,大稻埕公園,25.05866051,121.5103684,歸綏街241號隔壁,3827,公園
408,大龍公園,25.07024002,121.5155792,大龍街244號旁,2313,公園
409,玉泉公園,25.04993057,121.5076523,西寧北路28號,19265,公園
410,至聖公園,25.07118988,121.5176926,承德路三段210號,609,公園
411,忠和公園,25.0578804,121.5086136,歸綏街250巷,849,公園
412,哈密公園,25.074846,121.515594,哈密街59巷,935,公園
413,建成公園,25.0540905,121.5182266,承德路二段35號旁,10640,公園
414,迪化公園,25.07110977,121.5120087,迪化街二段243巷,1676,公園
415,國順公園,25.066222,121.510025,大同區昌吉街131巷西側,1600,公園
416,景化公園,25.06535912,121.5127411,伊寧街9巷,1940,公園
417,朝陽公園,25.05595,121.51313,重慶北路2段70巷旁,4903,公園
418,塔城公園,25.05072022,121.5108032,塔城街7號旁,3078,公園
419,德鄰公園,25.0619297,121.5147324,民權西路184巷11弄,1627,公園
420,蔣渭水紀念公園,25.05970955,121.516777,錦西街51號對面,5060,公園
421,樹德公園,25.06679916,121.5162811,大龍街、大同區行政大樓旁,4549,公園
422,歸綏戲曲公園,25.05797005,121.513092,重慶北路2段與歸綏街口,2849,公園
423,蘭州公園,25.06395912,121.5153809,蘭州街89巷,2200,公園
424,大同249綠地,25.07743073,121.5114594,大同區老師里迪化街364巷西北側,1486,綠地
425,大同250綠地,25.07722092,121.5098572,大同區老師里迪化街364巷東南側,1462,綠地
426,大同251綠地,25.07838059,121.5118485,大同區老師里環河北路敦煌路口三角綠地,11737,綠地
427,敦煌1號綠地,25.0747509,121.5162888,大同區重慶里重慶北路3段交流道旁,933,綠地
428,敦煌2號綠地,25.07696915,121.5164414,大同區老師里敦煌路125號慶昌橋旁,800,綠地
429,大同16號廣場,25.05637932,121.5086136,大同區永樂里環河北路與民生西路口,718,廣場
430,大稻埕廣場,25.05500031,121.5095367,大同區永樂里永昌街與迪化街口之霞海城隍廟前,131,廣場
431,六藝廣場,25.07468987,121.5150528,大同區保安里孔廟西北側及保安宮南側道路,4957,廣場
432,太原廣場,25.04747963,121.5166397,大同區建明里鄭州路與太原路口左右兩側廣場,2129,廣場
433,永樂廣場,25.0546608,121.5096588,大同區永樂里迪化街永樂市場,1200,廣場
434,保安廣場,25.07055092,121.5189285,大同區保安里庫倫街55巷旁(北側),180平方公尺,廣場
435,建成圓環,25.0527604,121.5142952,南京西路與重慶北路口東南側,2726,廣場
436,八德公園,25.04693031,121.5457077,八德路二段366巷21之1號前,1520,公園
437,三民公園,25.06138039,121.5669632,三民路，撫遠街298號,18407,公園
438,中華公園,25.053527,121.552484,健康路15巷口,2000,公園
439,民生公園,25.05747986,121.5580978,民生東路五段36巷4弄與8弄間,18130,公園
440,民有一號公園,25.06077004,121.5474014,敦化北路244巷31號前,1542,公園
441,民有二號公園,25.05964088,121.5463181,民生東路三段113巷14號前,938,公園
442,民有三號公園,25.05862045,121.5476227,民生東路三段127巷14號前,1108,公園
443,民權公園,25.06191063,121.5591736,富錦街359巷2弄，民權國小旁,25270,公園
444,吉仁公園,25.0478096,121.5534821,八德路3段、延吉街口,997,公園
445,吉祥公園,25.0505333,121.5640488,八德路四段245巷52弄至56弄間,1873,公園
446,安平公園,25.05302048,121.5644913,南京東路五段251巷32弄8號旁,468,公園
447,西松公園,25.05368996,121.5641327,三民路、健康路口,2873,公園
448,延壽一號公園,25.05763054,121.5563507,光復北路165巷17號前,1300,公園
449,延壽二號公園,25.05735016,121.5527573,民生東路四段56巷3弄20號前,1350,公園
450,延壽三號公園,25.05686951,121.5518036,敦化北路199巷5號前,1730,公園
451,松基公園,25.055369,121.545445,興安街174巷旁,6693,公園
452,長壽公園,25.05336952,121.5589218,健康路174號旁,3505,公園
453,美仁一號公園,25.05014992,121.5534592,南京東路四段52巷14號前,1499,公園
454,美仁二號公園,25.04949951,121.553421,八德路三段99巷12～18號前,1343,公園
455,健康公園,25.05411911,121.5688705,健康路、松山變電所旁,1957,公園
456,婦聯公園,25.05468941,121.5597305,延壽街330巷20弄,5080,公園
457,富民生態公園,25.06015015,121.5643387,新東街41之7號,8413,公園
458,富錦一號公園,25.05888939,121.5590286,民生東路五段69巷2弄旁,2289,公園
459,富錦二號公園,25.05961037,121.5596237,民生東路5段69巷2弄27號旁,2340,公園
460,富錦三號公園,25.06023979,121.5588989,民生東路5段69巷4弄11號旁、富錦街374號,2280,公園
461,富錦五號公園,25.05884934,121.5535431,民生東路四段97巷4弄20號旁,980,公園
462,富錦六號公園,25.05821037,121.5529022,民生東路四段105號旁,1000,公園
463,復盛公園,25.04747963,121.56147,市民大道五段99號、八德路四段106巷,8136,公園
464,復源公園,25.04648972,121.5544815,光復南路22巷至32巷間,1724,公園
465,敦中公園,25.04990006,121.5458908,敦化北路4巷31號邊,2421,公園
466,敦化公園,25.04640961,121.5504837,八德路三段12巷52弄2之1號邊,1810,公園
467,敦北公園,25.06122971,121.5515671,敦化北路、民權東路口,8420,公園
468,新中公園,25.06052017,121.5608673,新中街、富錦街口,3170,公園
469,新東公園,25.05879974,121.568367,民生東路五段、撫遠街口,3180,公園
470,寧安公園,25.05035019,121.5548706,寧安街50巷、育達商職第二校區前,2856,公園
471,精忠2號公園,25.05639076,121.5528488,民生東路四段80巷旁,700,公園
472,精忠公園,25.05933952,121.5521698,民生東路四段97巷6弄2號旁,720,公園
473,慶城公園,25.05327034,121.5463867,慶城街16巷、南京東路3段303巷,5390,公園
474,撫遠公園,25.06444931,121.5669479,撫遠街367巷至389巷底,8320,公園
475,舊宗1號公園 ( 新東農園 ),25.06195068,121.5688629,撫遠街，撫遠街抽水站旁,745,公園
476,舊宗2號公園,25.05491066,121.5699997,撫遠街，松山抽水站兩側,795,公園
477,鵬程公園,25.0555191,121.5686722,健康路325巷6弄底,4045,公園
478,寶清公園,25.05212021,121.5676422,寶清街85號對面,2970,公園
479,松山121號綠地三民圓環,25.05916023,121.5625687,臺北市松山區民生東路五段三民路口,3320,綠地
480,大理公園,25.03413963,121.49366,環河南路二段125巷口,1230,公園
481,寺前公園,25.03354073,121.4992065,西園路一段282-2號(萬華火車站新站旁),272,公園
482,老松公園,25.03852081,121.502739,桂林路與永福街之間(老松國小對面),2130,公園
483,西園公園,25.02639008,121.4965363,東園街67巷及73巷之間(西園國小對面),1253,公園
484,孝德公園,25.024124,121.49425,臺北市萬華區寶興街140巷17弄,1313,公園
485,和平青草園(原萬華402號公園),25.03265953,121.4972076,西園路一段與艋舺大道交叉口,4633,公園
486,東園公園,25.02095032,121.4952469,萬大路424巷及486巷68弄之間,579,公園
487,長沙公園,25.04150009,121.4999237,環河南路一段、長沙街二段交口,1242,公園
488,長順公園,25.03185082,121.4890289,長順街46巷旁,529,公園
489,青山公園,25.03936958,121.4983063,華西街8號旁,780,公園
490,青年公園,25.02511025,121.505867,臺北市水源路199號,246958,公園
491,保德公園,25.02279091,121.497467,東園街154巷旁,1082,公園
492,柳鄉公園,25.03726006,121.4954376,環河南路二段100巷內,1002,公園
493,桂林公園,25.03890991,121.4968185,環河南路二段與桂林路交口,2137,公園
494,華江一號公園,25.03589058,121.4941101,和平西路三段309巷與環河南路二段158巷間,298,公園
495,華江七號公園,25.03499031,121.4934006,和平西路三段302巷1號,544,公園
496,華江二號公園,25.035864,121.494085,環河南路二段154、156、158巷間,350,公園
497,華江八號公園,25.03405953,121.4926834,環河南路二段250巷28弄旁,1263,公園
498,華西公園,25.03866959,121.4986572,華西街21巷內(桂林路與華西街口),968,公園
499,新糖廍公園(糖廍文化園區),25.03354906,121.4946463,大理街160巷旁,6650,公園
500,萬華51號公園,25.03594017,121.5029221,萬華區富福里西園路1段與大理街交叉口,845,公園
501,壽德公園,25.02442932,121.5011368,萬青街118巷旁,989,公園
502,福星公園,25.0460701,121.5059128,漢口街與昆明街交叉口,1332,公園
503,綠堤公園,25.03321075,121.492897,環河南路二段159巷邊,1260,公園
504,聚德公園,25.03488922,121.4947205,大理街175巷及和平西路三段286巷1弄間,510,公園
505,艋舺公園,25.03603785,121.4999117,"廣州街,西園路交叉口.(原龍山寺公園)",13373,公園
506,糖廍公園,25.03439311,121.4946526,大理街175巷內,450,公園
507,錦德公園,25.02330017,121.492363,德昌街與西園路二段281巷交叉口,1911,公園
508,萬華266號綠地,25.03915978,121.5030975,萬華區菜園里康定路與貴陽街2段交叉口,478,綠地
509,西本願寺（萬華406號）廣場,25.04030037,121.5070801,臺北市中華路1段及長沙街2段交會處,8974,廣場
510,二二八和平公園,25.042286,121.514297,凱達格蘭大道3號,76180,公園
511,中央藝文公園,25.046272,121.526856,北平東路30號前,26700,公園
512,介壽公園,25.03926086,121.5146332,凱達格蘭大道西側，總統府前,13156,公園
513,文光公園,25.03903961,121.5308533,仁愛路二段65巷1弄口,2252,公園
514,文盛公園,25.0161705,121.5321198,羅斯福路三段284巷1號前,734,公園
515,永昌公園,25.02622986,121.5099564,寧波西街181巷30號前,1622,公園
516,永福公園,25.009801,121.532098,福和橋邊，基隆路汀州路口,16201,公園
517,忠孝公園,25.04183006,121.5320206,忠孝東路二段134巷對面,1200,公園
518,信愛公園,25.0349102,121.5287628,臨沂街75巷11號,901,公園
519,南昌公園,25.02681923,121.5202026,南昌路二段與和平西路一段交口,4413,公園
520,牯嶺公園,25.02312088,121.5186768,牯嶺街141號前,3228,公園
521,連雲公園,25.03520966,121.5318222,連雲街37巷與新生南路一段146巷交口.,2009,公園
522,逸仙公園,25.04770088,121.5200272,北平西路，中山北路口,3025,公園
523,齊東公園,25.04174995,121.5282974,齊東街53巷巷口.,1061,公園
524,黎明公園,25.04413986,121.5155563,南陽街38巷5號前,465,公園
525,螢橋公園,25.02672005,121.5172501,和平西路1段116號,762,公園
526,中正138號綠地,25.03783989,121.5145111,愛國西路林園道,20180,綠地
527,北門廣場,25.0480021,121.5116831,忠孝西路與中華路一段東南側,6865,廣場
528,交7廣場,25.04647064,121.5167618,中正區黎明里忠孝西路與公園路口（臺北車站南1門、南2門、南3門前）,11200,廣場
529,交通4號廣場,25.04738045,121.5188065,中正區黎明里市民大道旁、逸仙公園西側,4825,廣場
530,交通8號廣場,25.05031967,121.51651,中正區黎明里忠孝西路與重慶北路口西側,2698,廣場
531,行旅廣場,25.0477977,121.5132041,忠孝西路與重慶北路一段路口東北側,39233,廣場
532,瑠公公園,25.0424099,121.545723,復興南路1段135巷與大安路1段路口,2939,公園
533,瑠公圳公園,25.04360962,121.5431213,復興南路至建國南路,12423,公園
534,大安公園,25.04276085,121.5428085,安東街.復興南路1段126巷內,2913,公園
535,大安森林公園,25.0333004,121.5358429,"新生南路以東,信義路三段以南",259354,公園
536,大學公園,25.02190971,121.532898,溫州街46巷,1098,公園
537,仁慈公園,25.0341301,121.5457077,大安路1段224巷口,1090,公園
538,仁愛公園,25.03661919,121.5462418,大安路1段169巷,1390,公園
539,仁愛圓環,25.03763008,121.5496826,仁愛路與敦化南路交會處之圓環,5060,公園
540,公館公園,25.01142672,121.5407911,羅斯福路4段113巷內,1096,公園
541,古風公園,25.02197075,121.5290527,龍泉街108號對面,233,公園
542,古莊公園,25.02272987,121.5282135,師大路92巷內,2466,公園
543,四維公園,25.03063011,121.5453262,瑞安街23巷24弄,3097,公園
544,平安公園,25.03195953,121.5493164,敦化南路2段37巷旁,1614,公園
545,民榮公園,25.03540039,121.5356979,新生南路1段157巷19號,2896,公園
546,民輝公園,25.03951073,121.5350571,仁愛路3段5巷3弄18號,1397,公園
547,永康公園,25.03162003,121.5297165,永康街17巷口,1800,公園
548,光信公園,25.03556061,121.5558014,延吉街241號,1211,公園
549,全安公園,25.02545929,121.5512085,和平東路3段119巷15號對面,1575,公園
550,安東公園,25.02893066,121.5448227,復興南路2段125巷20弄,1630,公園
551,安祥公園,25.03454018,121.5427322,信義路3段157巷10弄,1598,公園
552,辛亥一號公園,25.0227108,121.5326614,溫州街30巷14號,769,公園
553,和平公園,25.02349091,121.5425186,和平東路2段118巷6弄,1760,公園
554,和安公園,25.03450966,121.5444794,復興南路1段313巷,1541,公園
555,居安公園,25.02968025,121.5493317,敦化南路2段81巷口右側,2089,公園
556,延吉公園,25.04257011,121.5557709,延吉街131巷,2284,公園
557,昌隆公園,25.0437603,121.5357132,市民大道與建國南路交叉口,3807,公園
558,東豐公園,25.03577995,121.5448608,復興南路1段279巷,1421,公園
559,法治公園,25.02691078,121.5529175,通化街186巷,1763,公園
560,臥龍公園,25.01670075,121.5498886,卧龍街118巷辛亥路3段交叉口,3133,公園
561,虎嘯公園,25.0225296,121.5492783,敦化南路2段319號旁,2019,公園
562,金山公園,25.0309598,121.5247561,金山南路二段92巷底,2286,公園
563,金杭公園,25.03290038,121.5268771,金山南路二段30巷,4271,公園
564,金華公園,25.02959061,121.5311737,金華街164巷1弄3號,4390,公園
565,附中公園,25.03634071,121.5422592,信義路3段147巷內,2369,公園
566,青峰公園,25.01569939,121.5514069,辛亥路3段239號邊,2105,公園
567,師大公園,25.02459908,121.5283737,師大路浦城街口,4802,公園
568,泰順公園,25.02462006,121.5316391,泰順街27巷旁,1386,公園
569,通化公園,25.03215981,121.5545578,文昌街與通化街口,1180,公園
570,富陽自然生態公園,25.016674,121.557488,富陽街底、聯勤彈葯庫舊址,38066,公園
571,敦仁公園,25.04040191,121.5469087,敦化南路1段236巷與仁愛路4段71巷交口,1757,公園
572,敦安公園,25.03446007,121.5537033,信義路四段265巷12弄,2820,公園
573,敦親公園,25.0226593,121.5409088,和平東路2段96巷底,1593,公園
574,新龍公園,25.02765083,121.5401611,公車龍門國中站步行約7分鐘,2255,公園
575,溫州公園,25.01880074,121.5313416,羅斯福路3段283巷與新生南路3段86巷交叉口,1287,公園
576,瑞安公園,25.02613068,121.5393524,瑞安街155巷口,742,公園
577,群賢公園,25.02540016,121.5465698,和平東路2段311巷43弄,869,公園
578,誠安公園,25.04249001,121.5409088,忠孝東路3段237巷,1816,公園
579,嘉興公園,25.02136993,121.5519486,樂業街與嘉興街口,6330,公園
580,寧馨公園,25.04434967,121.533493,八德路2段台北科大北側,2080,公園
581,福州山公園,25.01589012,121.5516129,辛亥路三段、興隆超市旁(福州山),172488,公園
582,德安公園,25.03487968,121.5477753,四維路52巷,1617,公園
583,黎孝公園,121.5559921,25.01976013,和平東路3段308巷15弄,1014,公園
584,黎和生態公園,25.015128,121.560002,和平東路3段512巷底,"17,891",公園
585,錦安公園,25.0279808,121.5279465,金山南路2段203巷及麗水街口,1246,公園
586,龍生公園,25.02601051,121.5413971,和平東路二段175巷內,1281,公園
587,龍門公園,25.02425957,121.5366821,建國南路2段308巷,1395,公園
588,龍陣一號公園,25.0275898,121.5425415,復興南路2段180巷15弄,1451,公園
589,龍陣二號公園,25.02923966,121.5424881,瑞安街61號,2056,公園
590,龍圖公園,25.03049088,121.5416031,復興南路2段78巷42弄,1234,公園
591,臨江公園,25.0281601,121.5557404,基隆路2段132巷13號,1358,公園
592,大安125號綠地,25.04442024,121.5336838,八德路，中央圖書館台灣分館(國立台北工專前),1397,綠地
593,大安195號綠地,25.02001953,121.5314331,臺北市大安區溫州街58巷,266,綠地
594,大安398號綠地,25.04058075,121.5471497,敦化南路1段236巷,420,綠地
595,光信綠地,25.04418945,121.5536881,延吉街與市民大道交叉口,1211,綠地
596,黎和綠地,25.01593018,121.5605698,台北市大安區臥龍街324號,385,綠地
597,錦華綠地,25.02957916,121.5295792,金華街，永康街55巷交叉口,365,綠地
598,三張里公園,25.03092957,121.5667267,松平路77號旁,9475,公園
599,三犁公園,25.02977943,121.5700226,信義路五段150巷14弄旁,3372,公園
600,三興公園,25.02857971,121.5595474,吳興街156巷40弄與吳興街118巷間,3306,公園
601,中全公園,25.03858948,121.5748901,虎林街164巷與松德路邊,5060,公園
602,中興公園,25.03426933,121.5592499,基隆路一段380巷 與光復南路473巷旁,2453,公園
603,五分埔公園(前名中坡公園),25.04693985,121.580101,中坡北路、松隆路口(松山車站前),8444,公園
604,五常公園,25.04768944,121.5743408,松隆路272號與永吉路225巷邊,6942,公園
605,四育公園,25.04676056,121.5751419,虎林街50巷與永吉路321巷邊,1766,公園
606,永吉公園,25.04359055,121.5750427,永吉路278巷57弄內,2200,公園
607,永春公園,25.04229927,121.5791168,忠孝東路五段703巷1弄與松山路393巷,1172,公園
608,永春陂濕地公園,25.032812,121.580069,松山路松山家商旁,39832,公園
609,永春崗公園,25.03170967,121.5775909,信義區松山路656巷2號旁,11302,公園
610,交五,25.0492096,121.5741501,信義區市民大道六段（松信路至虎林街）,10745,公園
611,安強公園,25.03668976,121.5753403,虎林街202巷66弄,1090,公園
612,吳興公園,25.02329063,121.5679398,吳興街432巷114號,1176,公園
613,念儒公園,25.03771973,121.573761,忠孝東路五段236巷37弄底,777,公園
614,林口公園,25.03906059,121.578949,松山路515巷,2117,公園
615,松友公園,25.03391075,121.576149,信義路六段76巷2弄,2196,公園
616,松智公園,25.03582001,121.5655136,信義區松智路1號,11807,公園
617,松壽廣場,25.03738976,121.5660782,松智路右側(信義計畫區),5914,公園
618,松德公園,25.03602028,121.573288,信義區松德路180巷8之1號對面,10767,公園
619,虎林公園,25.03148079,121.5772934,信義路六段76巷8弄與松德路307巷,9547,公園
620,信義安康公園,25.03572083,121.5700684,信義區松勇路47號旁,10609,公園
621,春光公園,25.04223061,121.5807419,忠孝東路五段、林口街口,4241,公園
622,革新公園,25.04383087,121.5673676,基隆路一段109巷與松隆路邊,1585,公園
623,泰和公園,25.02313995,121.5681992,吳興街583巷與600巷67弄間,1422,公園
624,眷村文化公園,25.0316391,121.5617523,信義區松勤路50號,13000,公園
625,富台公園,25.04207039,121.5722427,"松信路,虎林街120巷交叉口",1959,公園
626,富生公園,25.04208946,121.5698471,永吉路30巷167弄底,6907,公園
627,惠安公園,25.02454948,121.564621,吳興街320巷65號前,8609,公園
628,景平公園,25.02989006,121.563942,莊敬路289巷口,1609,公園
629,景勤1號公園,25.02633095,121.560257,吳興街220巷59弄旁,14568,公園
630,景勤2號公園,25.02603912,121.5574875,信義區嘉興街181巷21號對面,11790,公園
631,象山公園,25.03041077,121.5700913,信義區信義路5段150巷,41827,公園
632,雅祥公園,25.04756928,121.5718308,松信路與基隆路一段35巷7弄邊,3065,公園
633,福祥公園,25.04603958,121.5705032,永吉路127巷與松隆路99號邊,835,公園
634,福德公園,25.03824043,121.5818481,福德街與大道路口,1290,公園
635,黎忠公園,25.01907921,121.559372,和平東路三段435巷7弄,1014,公園
636,黎富公園,25.02100945,121.5567017,富陽街92號前,900,公園
637,黎雙公園,25.02498055,121.5634689,吳興街284巷22弄(北醫南側),2176,公園
638,糶米公園,25.018614,121.572468,吳興街600巷旁,1926,公園
639,太子綠地,25.04519081,121.5770721,永吉路與虎林街交叉處,168,綠地
640,交六,25.04932976,121.5708695,市民大道6段(松信路至基隆路一段間),6832,綠地
641,松仁綠地,25.03274918,121.5677185,信義路五段南側與松仁路西側間,11202,綠地
642,松光綠地,25.03949928,121.5785294,台北市信義區松山路465巷4號,1611,綠地
643,松隆綠地,25.03495979,121.5801086,松山商職西南側松山路650巷,2112,綠地
644,信義350綠地,25.03923035,121.5625687,松高路及基隆路交叉,3461,綠地
645,信義351號綠地,25.03918076,121.5654373,松高路本線基隆路口至松仁路口,8313,綠地
646,信義354號綠地,25.02946091,121.5684204,松仁路東側，信義路北側,9014,綠地
647,信義355號綠地,25.03089905,121.5683365,松仁路東側、信義路五段南側,5472,綠地
648,信義356號綠地,25.03338051,121.5737076,信義路五段北側、松德路西側,8227,綠地
649,崇德綠地,25.02421951,121.5554504,台北市信義區嘉興街270號,284,綠地
650,惠安水與綠生活綠地,25.0233593,121.5682373,吳興街432巷37弄,288,綠地
651,黎平綠地,25.02318955,121.5571213,臺北市崇德街146巷17號,100,綠地
652,市民廣場,25.03664017,121.5627518,信義區市府路1號對面,42851,廣場
653,忠信廣場,25.0405407,121.5679092,忠孝東路與松仁路交叉口(信義計畫區),7777,廣場
654,信義20號廣場,25.04874992,121.5775833,市民大道與松隆路及松山路,1549,廣場
655,信義21號廣場,25.03473091,121.5644684,信義計畫、市府路,5102,廣場
656,信義廣場,25.03347969,121.56604,松智路與信義路交叉口(信義計畫區),9456,廣場
657,厚生廣場,25.04340935,121.5681,永吉路30巷102弄與松隆路旁,1611,廣場
658,景聯廣場,25.03252029,121.5614014,臺北市吳興街7巷,2055,廣場
659,三重世貿公園,25.05792999,121.615387,南港區經貿二路106巷,12038,公園
660,中南公園,25.05121994,121.6154709,忠孝東路七段596巷中南社區東側山坡上,325,公園
661,中研公園,25.04689026,121.6130524,南港區研究路2段12巷58弄,14672,公園
662,中興公園,25.0442009,121.6148529,研究院路二段98巷,1168,公園
663,六福公園,25.04726028,121.6165085,研究院路二段35巷23弄,7104,公園
664,四分河濱公園,25.04862976,121.6156921,南港區研究院路2段2巷54弄,11956,公園
665,市民公園,25.0492897,121.5817337,玉成街38巷東北側，東新街12巷南側,1050,公園
666,玉成公園,25.04254913,121.5855026,南港區中坡南路55號,40587,公園
667,玉東公園,25.050188,121.584156,東新街與市民大道交叉口,9500,公園
668,合成18號綠園,25.04626083,121.5829163,臺北市忠孝東路6段玉成街口至東新街口,5631,公園
669,合成8號綠園,25.05083084,121.5937882,臺北市南港區東新街至忠孝東路6段449號,21321,公園
670,合成公園,25.04509926,121.5811386,永吉路536巷與中坡北路交叉口,372,公園
671,合樂公園,25.04850006,121.5818863,玉成街(原南隆鐵工廠),2204,公園
672,百福公園,25.03793907,121.5885391,福德街309巷19號對面,2756,公園
673,幸福公園,25.04602051,121.6160507,研究院路二段35巷旁交通資訊:公車圓拱橋站步行約3分鐘,4861,公園
674,昆陽公園,25.04871941,121.5942001,昆陽街171巷1-5弄東側、龍華路南側,1537,公園
675,東坡公園,25.04523087,121.5933075,東新街170巷5號後側,1184,公園
676,東明公園,25.05480003,121.6036377,南港路二段86巷9弄交通資訊：公車臺肥新村站步行約3分鐘，或捷運南港站、臺鐵南港站步行約15分鐘,7450,公園
677,東陽公園,25.0574398,121.6037369,臺北市南港區重陽路187巷旁交通資訊:公車中國電視公司站步行約3分鐘,9947,公園
678,南汐公園,25.05467987,121.617691,南港路一段與研究路一段交叉口,7487,公園
679,南港公園,25.04306984,121.5919113,南港區東新街170之1號,118849,公園
680,南興公園,25.05401993,121.6069031,南港路一段360號南側交通資訊:公車南港行政中心站旁，或捷運南港站、臺鐵南港站步行約5分鐘,4801,公園
681,後山埤公園,25.04371071,121.5899506,南港區東新街170之1號,57833,公園
682,胡適公園,25.03992081,121.6179123,南港區研究院路2段130號對面,21124,公園
683,重陽公園,25.05620003,121.5991516,臺北市南港區重陽路120號旁交通資訊:公車中國電視公司站旁,2610,公園
684,理想公園,25.03986931,121.6215897,舊莊街一段145巷6弄28號交通資訊:公車舊莊國小站步行約3分鐘,2078,公園
685,瓶蓋印象公園,25.053719,121.606226,南港區興華路、市民大道口,1910,公園
686,港後公園,25.06274986,121.6153793,臺北市南港區經貿二路255巷交通資訊:公車南港軟體園區北站步行約3分鐘，或捷運南港展覽館站步行約15,1770,公園
687,湧聲公園,25.04327965,121.5927582,東新街170巷(自辦重劃區),1555,公園
688,新勝公園,25.04884911,121.5931625,昆陽街152巷33號,2845,公園
689,新富公園,25.05303001,121.6169586,研究院路一段65巷交通資訊:誠正國中公車站步行約3分鐘，或捷運南港展覽館站步行約10分鐘,795,公園
690,新新公園,25.051391,121.588752,南港路三段109巷南側,25373,公園
691,萬福公園,25.04624939,121.5844498,忠孝東路六段70巷10號對面,1964,公園
692,經貿公園,25.06258011,121.6163635,臺北市南港區經園街66號前 交通資訊:公車南港軟體園區北站步行約3分鐘，或捷運南港展覽館站步行約15,2632,公園
693,福山公園,25.04470062,121.6178513,研究院路二段61巷1弄16號交通資訊：公車中研院站步行約3分鐘,3678,公園
694,興南公園,25.05512047,121.5973969,興南街與重陽路交叉口交通資訊:搭乘公車紅32605副線至興華路站步行約3分鐘即可到達搭乘捷運捷運至捷,1585,公園
695,興華公園,25.05677033,121.6047897,興華路114巷交通資訊:公車興華路站步行約3分鐘，或捷運南港站、臺鐵南港站步行約15分鐘,724,公園
696,聯成公園,25.04659081,121.5872192,忠孝東路六段250巷1弄,2383,公園
697,舊莊公園,25.04137039,121.6202698,舊莊街一段145巷12號前交通資訊:公車舊莊國小站步行約3分鐘,3346,公園
698,九如綠地,25.03856087,121.6163101,臺北市南港區研究院路二段150巷底、四分溪旁,8322,綠地
699,四分綠地,25.03494072,121.6141663,臺北市南港區研究院路三段68巷6號,7207,綠地
700,向陽綠地,25.05695915,121.5928726,臺北市南港區向陽路199巷旁、成功路1段79號,2880,綠地
701,成福綠地,25.0453701,121.5929489,臺北市南港區東新街170巷口、南港公園旁,1210,綠地
702,成德綠地,25.04644966,121.5874634,臺北市南港區東新街100號之1,1598,綠地
703,東明綠地,25.05426979,121.6006928,臺北市南港路二段72巷21弄,2533,綠地
704,東新綠地,25.05359078,121.6024475,臺北市南港區南港路二段104號,7450,綠地
705,南深綠地,25.03792954,121.6231613,臺北市南港區舊莊街一段231號旁,2197,綠地
706,南港11號圓環綠地,25.05404091,121.5949173,臺北市南港區南港路二段向陽路圓環,2438,綠地
707,南港29號綠地,25.04239082,121.6172333,臺北市南港區研究院路二段、舊莊街一段交叉路口,1138,綠地
708,南港65號園區綠地,25.05903053,121.6142197,臺北市南港區三重路21巷,2972,綠地
709,新坡綠地,25.0356102,121.6177521,臺北市南港區研究院路二段213巷2號前,1055,綠地
710,新南綠地,25.05184937,121.6065521,臺北市南港區忠孝東路七段398號,4321,綠地
711,新陽綠地,25.05693054,121.6034164,臺北市南港區興南街272巷3號對面,5610,綠地
712,合心廣場,25.04660988,121.583458,臺北市南港區玉成街與忠孝東路六段交叉口,2041,廣場
713,南港五號廣場,25.05406952,121.5998001,臺北市南港區南港路二段以南，178巷對面,1900,廣場
714,140高地,25.00358009,121.569603,文山區萬寧街125號,56965,公園
715,久康公園,24.98934937,121.5645828,久康街39號,1522,公園
716,小坑1號公園,24.98337936,121.585228,萬壽路旁，木柵二期重劃區內,3800,公園
717,文山(景美)49號公園,24.99588966,121.5478516,景華街128巷3弄旁,340,公園
718,文山木柵59號公園,24.98526001,121.5825806,台北市指南路二段225巷旁,14600,公園
719,木南公園,24.9865303,121.5708389,木新路2段43巷1號旁,2498,公園
720,木柵公園,24.98694992,121.560463,文山區興隆路4段50號,40066,公園
721,木新公園,24.9822197,121.5580368,木新路3段278巷7弄11號對面,1071,公園
722,木榮公園,24.98464012,121.5686569,保儀路129號(景文高中後門邊),919,公園
723,水景公園,24.98698044,121.5868378,政大一街與政大二街間,6195,公園
724,仙岩公園,24.99797058,121.5493622,仙岩路16巷36號,6620,公園
725,光明公園,24.98646927,121.5547104,下崙路與光輝路口,980,公園
726,光輝公園,24.98612022,121.5558395,光輝路9-1號前,2151,公園
727,坡內坑公園,25.00497055,121.5765533,木柵路四段159巷內,3824,公園
728,忠順公園,24.98314095,121.561142,興隆路4段96巷底,1113,公園
729,忠順萊茵公園,24.98678017,121.5653687,興隆路四段109巷旁,2934,公園
730,明義公園,24.98806953,121.5609818,興隆路4段101巷口,803,公園
731,芳寧公園,25.00452995,121.5632782,和平東路四段與萬寧街交叉口,567,公園
732,保儀公園,24.98353958,121.5634689,木新路3段50巷、70巷內,2916,公園
733,恆光公園,24.98241043,121.5675888,木新路2段211巷10弄8號前,1140,公園
734,原野運動公園,24.99712944,121.571373,萬芳路木柵高工旁,8337,公園
735,博嘉公園,25.00045013,121.5735397,軍功路47巷55號之8旁,1173,公園
736,景仁公園,24.99666977,121.5401001,景仁街1巷16號,1411,公園
737,景行公園,24.99251938,121.542778,景中街景美國中對面,3309,公園
738,景美公園(原萬慶公園),24.99402046,121.5375977,文山區育英街45巷旁,16813,公園
739,景美運動公園,25.00254059,121.5445175,文山區景豐街80號旁,20547,公園
740,景華公園,24.99518967,121.5437927,文山區景華街55號,16802,公園
741,景福公園,24.99567986,121.5403214,溪口街36巷內,349,公園
742,景豐公園,25.0001297,121.5450516,興隆路1段251號3弄,3476,公園
743,華興公園,24.98917007,121.5504684,試院路4巷內,3308,公園
744,順興公園綠地,24.98608971,121.5643768,興隆路四段109巷92弄旁,1820,公園
745,新榮公園,24.98332977,121.570221,木新路2段111巷底,2000,公園
746,椰城公園,25.0063591,121.5687027,和平東路四段101巷6弄21號,2023,公園
747,萬年1號公園,25.00569916,121.5362015,汀州路4段122至146號對面,2949,公園
748,萬年2號公園,25.00569916,121.5362015,汀州路4段122至146號對面,2949,公園
749,萬年3號公園,25.00704002,121.5369263,汀州路4段105巷口,1842,公園
750,萬有1號公園,24.99983025,121.5429535,興隆路1段202巷,3241,公園
751,萬有2號公園,25.00070953,121.5419006,景明街11巷6弄8號前,4521,公園
752,萬有3號公園,24.99872017,121.5430985,景隆街107號前,608,公園
753,萬和1號公園,25.00049019,121.5363236,萬隆街1至71號對面,1857,公園
754,萬和2號公園,25.00148964,121.5365372,萬隆街72至80號對面,2958,公園
755,萬和3號公園,25.00381088,121.5363388,羅斯福路5段192巷33號至218巷2號對面,5977,公園
756,萬芳10號公園,25.00164986,121.5624924,文山區萬美街1段121號(往公訓中心方向),11120,公園
757,萬芳11號公園,25.00304985,121.5630798,文山區萬美街2段2號,10906,公園
758,萬芳12號公園,25.00147057,121.5635834,萬利街30巷24至32號對面,1694,公園
759,萬芳13號公園,25.00172997,121.5653992,萬美街1段與萬樂街口,1368,公園
760,萬芳14號公園,25.00032044,121.5653305,萬利街33號邊,973,公園
761,萬芳1號公園,24.99986076,121.5667267,萬利街4號邊,1212,公園
762,萬芳2號公園,24.99920082,121.5667725,萬芳路與萬利街口,355,公園
763,萬芳3號公園,24.99925041,121.5671005,萬芳路與萬利街口,1022,公園
764,萬芳4號公園,25.00153923,121.5675278,文山區萬和街1號對面,13476,公園
765,萬芳6號公園,24.99950028,121.5691834,萬芳路與萬和街口,3873,公園
766,萬芳7號公園,25.00157929,121.5661621,文山區萬美街1段36號旁,10727,公園
767,萬芳8號公園,25.0030098,121.560463,萬芳社區萬美街與興德路之間(公訓處前),5969,公園
768,萬芳9號公園,25.00177956,121.5614777,文山區萬美街1段121號旁,10551,公園
769,萬盛公園,25.00514984,121.5410614,萬盛街130巷口,1683,公園
770,萬壽1號公園,24.98747063,121.5892181,萬壽路61巷旁，棲霞山莊旁,4709,公園
771,萬壽2號公園,24.98736954,121.5895615,萬壽路61巷旁，棲霞山莊旁,514,公園
772,萬壽3號公園,24.98542023,121.5860825,萬壽路與政大一街間,761,公園
773,萬興櫻花生態景觀公園,24.9915411,121.5731031,新光路一段66巷6弄,1204,公園
774,試院公園,24.98778915,121.5473175,木柵路1段89巷,1480,公園
775,福興公園,25.00399971,121.5481567,福興路63巷4號,2195,公園
776,樟林公園,24.98464012,121.5592117,忠順街1段121巷7弄12號前,1140,公園
777,樟新公園  ,24.97919083,121.5569534,一壽街49之3號,2294,公園
778,樟樹公園,24.98271942,121.559372,忠順街1段26巷26弄口,1035,公園
779,樟興公園,24.98067093,121.5541229,木新路3段與辛亥路7段口,2797,公園
780,興旺公園,25.0058403,121.5504608,福興路82巷內,2847,公園
781,興家公園,24.99473,121.5608215,興隆路三段207巷10弄旁,1611,公園
782,興泰公園,25.00481033,121.555481,辛亥路四段166巷內,32585,公園
783,興隆公園,25.00013924,121.5510864,文山區仙岩路128號,14610,公園
784,興福公園,24.9971199,121.5459671,景華街121巷底,2540,公園
785,興德綠色步道,24.99477005,121.5595398,興隆路3段296號至304巷口(海巡署前),3653,公園
786,興豐公園,25.00019074,121.5512695,興隆路2段123號旁,1659,公園
787,文山50號綠地,24.99078941,121.5750885,秀明路2段24巷,262,綠地
788,文山木柵60號綠地,25.00042915,121.583252,新光路2段與萬福橋旁，動物園公務門前方,1196,綠地
789,文山木柵68號綠地,24.98378944,121.5795517,指南路三段22巷巷口,418,綠地
790,木柵14號綠地,24.99163055,121.5515289,懷恩隧道口南側出入口,1043,綠地
791,木柵17號秀明綠地,24.98903084,121.5648117,久康街木柵16號公園對面,53,綠地
792,木柵49號綠地,24.99308014,121.5736694,新光路1段185,25,綠地
793,指南綠地,24.98300934,121.5796738,指南路3段24巷5號旁,4651,綠地
794,軍功綠地,25.00127983,121.5726776,軍功路61巷,1735,綠地
795,清溪綠地,24.98506928,121.5805512,指南路二段225巷旁,2272,綠地
796,景美29號綠地,24.99637032,121.5518189,懷恩隧道口北側出入口,1076,綠地
797,景美30號綠地,25.00074959,121.5551987,興隆路與興德路交叉口,29,綠地
798,景美32號綠地,25.00922012,121.5579605,辛亥隧道口南側,1116,綠地
799,萬利綠地,25.00028992,121.5647507,萬利街41巷旁,632,綠地